time,v,omega
1627480258.3868797,0.0,0.0
1627480422.893949,0.11578947305679321,0.04190586507320404
1627480423.09191,0.11578947305679321,0.18151365220546725
