time,v,omega
1626164576.553407,0.012318348339406857,0.0348486789628413
